Repo Path,File,File Line Count
../../HYST,api/hyst/bigparser-api.js,36
../../HYST,api/hyst/index.js,145
../../HYST,index.html,2
../../HYST,web/script.js,168
../../HYST,web/styles.css,397
../../BigFin,index.css,654
../../BigFin,index.js,38
../../SGA Website,node_modules/hbs/examples/partial/views/partials/partial1.html,1
../../SGA Website,node_modules/hbs/examples/partial/views/partials/partial2.html,1
../../SGA Website,node_modules/hbs/examples/partial/views/partials/partial3.html,1
../../SGA Website,node_modules/uglify-js/tools/props.html,61
../../SGA Website,scss/index.sass,667
../../SGA Website,server.js,185
